en;es
Master Ball;Master Ball
Ultra Ball;Ultra Ball
Great Ball;Super Ball
Poké Ball;Poké Ball
Safari Ball;Safari Ball
Net Ball;Malla Ball
Dive Ball;Buceo Ball
Nest Ball;Nido Ball
Repeat Ball;Acopio Ball
Timer Ball;Turno Ball
Luxury Ball;Lujo Ball
Premier Ball;Honor Ball
Dusk Ball;Ocaso Ball
Heal Ball;Sana Ball
Quick Ball;Veloz Ball
Cherish Ball;Gloria Ball
Potion;Poción
Antidote;Antídoto
Burn Heal;Antiquemar
Ice Heal;Antihielo
Awakening;Despertar
Paralyze Heal;Antiparalizador
Full Restore;Restaurar todo
Max Potion;Poción máxima
Hyper Potion;Hiperpoción
Super Potion;Superpoción
Full Heal;Cura total
Revive;Revivir
Max Revive;Revivir máximo
Fresh Water;Agua fresca
Soda Pop;Refresco
Lemonade;Limonada
Moomoo Milk;Leche Mu-mu
Energy Powder;Polvo energía
Energy Root;Raíz energía
Heal Powder;Polvo curación
Revival Herb;Hierba revivir
Ether;Éter
Max Ether;Éter máximo
Elixir;Elixir
Max Elixir;Elixir máximo
Lava Cookie;Galleta lava
Berry Juice;Zumo de baya
Sacred Ash;Ceniza sagrada
HP Up;Más PS
Protein;Proteína
Iron;Hierro
Carbos;Carbohidratos
Calcium;Calcio
Rare Candy;Caramelo raro
PP Up;Más PP
Zinc;Zinc
PP Max;PP máximos
Old Gateau;Barrita plus
Guard Spec.;Protección X
Dire Hit;Crítico X
X Attack;Ataque X
X Defense;Defensa X
X Speed;Velocidad X
X Accuracy;Precisión X
X Sp. Atk;Ataque especial X
X Sp. Def;Defensa especial X
Poké Doll;Pokémuñeco
Fluffy Tail;Cola de Skitty
Blue Flute;Flauta azul
Yellow Flute;Flauta amarilla
Red Flute;Flauta roja
Black Flute;Flauta negra
White Flute;Flauta blanca
Shoal Salt;Sal cardumen
Shoal Shell;Concha cardumen
Red Shard;Parte roja
Blue Shard;Parte azul
Yellow Shard;Parte amarilla
Green Shard;Parte verde
Super Repel;Superrepelente
Max Repel;Repelente máximo
Escape Rope;Cuerda huida
Repel;Repelente
Sun Stone;Piedra solar
Moon Stone;Piedra lunar
Fire Stone;Piedra fuego
Thunder Stone;Piedra trueno
Water Stone;Piedra agua
Leaf Stone;Piedra hoja
Tiny Mushroom;Miniseta
Big Mushroom;Seta grande
Pearl;Perla
Big Pearl;Perla grande
Stardust;Polvo estelar
Star Piece;Trozo de estrella
Nugget;Pepita de oro
Heart Scale;Escama corazón
Honey;Miel
Growth Mulch;Abono rápido
Damp Mulch;Abono lento
Stable Mulch;Abono fijador
Gooey Mulch;Abono brote
Root Fossil;Fósil raíz
Claw Fossil;Fósil garra
Helix Fossil;Fósil hélix
Dome Fossil;Fósil domo
Old Amber;Ámbar viejo
Armor Fossil;Fósil coraza
Skull Fossil;Fósil cráneo
Rare Bone;Hueso raro
Shiny Stone;Piedra día
Dusk Stone;Piedra noche
Dawn Stone;Piedra alba
Oval Stone;Piedra oval
Odd Keystone;Piedra espíritu
Griseous Orb;Griseosfera
Tea;Té
Autograph;Autógrafo
Douse Drive;HidroROM
Shock Drive;FulgoROM
Burn Drive;PiroROM
Chill Drive;CrioROM
Pokémon Box Link;Caja de Pokémon
Medicine Pocket;Botiquín
TM Case;Estuche de MT
Candy Jar;Tarro de caramelos
Power-Up Pocket;Bolsillo de mejoras
Clothing Trunk;Maleta
Catching Pocket;Bolsillo de captura
Battle Pocket;Bolsillo de combate
Sweet Heart;Corazón dulce
Adamant Orb;Diamansfera
Lustrous Orb;Lustresfera
Greet Mail;Carta inicial
Favored Mail;Carta favoritos
RSVP Mail;Carta invitar
Thanks Mail;Carta gracias
Inquiry Mail;Carta pregunta
Like Mail;Carta gustos
Reply Mail;Carta respuesta
Bridge Mail S;Carta puente S
Bridge Mail D;Carta puente F
Bridge Mail T;Carta puente A
Bridge Mail V;Carta puente V
Bridge Mail M;Carta puente P
Cheri Berry;Baya Zreza
Chesto Berry;Baya Atania
Pecha Berry;Baya Meloc
Rawst Berry;Baya Safre
Aspear Berry;Baya Perasi
Leppa Berry;Baya Zanama
Oran Berry;Baya Aranja
Persim Berry;Baya Caquic
Lum Berry;Baya Ziuela
Sitrus Berry;Baya Zidra
Figy Berry;Baya Higog
Wiki Berry;Baya Wiki
Mago Berry;Baya Ango
Aguav Berry;Baya Guaya
Iapapa Berry;Baya Pabaya
Razz Berry;Baya Frambu
Bluk Berry;Baya Oram
Nanab Berry;Baya Latano
Wepear Berry;Baya Peragu
Pinap Berry;Baya Pinia
Pomeg Berry;Baya Grana
Kelpsy Berry;Baya Algama
Qualot Berry;Baya Ispero
Hondew Berry;Baya Meluce
Grepa Berry;Baya Uvav
Tamato Berry;Baya Tamate
Cornn Berry;Baya Mais
Magost Berry;Baya Aostan
Rabuta Berry;Baya Rautan
Nomel Berry;Baya Monli
Spelon Berry;Baya Wikano
Pamtre Berry;Baya Plama
Watmel Berry;Baya Sambia
Durin Berry;Baya Rudion
Belue Berry;Baya Andano
Occa Berry;Baya Caoca
Passho Berry;Baya Pasio
Wacan Berry;Baya Gualot
Rindo Berry;Baya Tamar
Yache Berry;Baya Rimoya
Chople Berry;Baya Pomaro
Kebia Berry;Baya Kebia
Shuca Berry;Baya Acardo
Coba Berry;Baya Kouba
Payapa Berry;Baya Payapa
Tanga Berry;Baya Yecana
Charti Berry;Baya Alcho
Kasib Berry;Baya Drasi
Haban Berry;Baya Anjiro
Colbur Berry;Baya Dillo
Babiri Berry;Baya Baribá
Chilan Berry;Baya Chilan
Liechi Berry;Baya Lichi
Ganlon Berry;Baya Gonlan
Salac Berry;Baya Aslac
Petaya Berry;Baya Yapati
Apicot Berry;Baya Aricoc
Lansat Berry;Baya Zonlan
Starf Berry;Baya Arabol
Enigma Berry;Baya Enigma
Micle Berry;Baya Lagro
Custap Berry;Baya Chiri
Jaboca Berry;Baya Jaboca
Rowap Berry;Baya Magua
Bright Powder;Polvo brillo
White Herb;Hierba blanca
Macho Brace;Brazal firme
Exp. Share;Repartir experiencia
Quick Claw;Garra rápida
Soothe Bell;Cascabel alivio
Mental Herb;Hierba mental
Choice Band;Cinta elección
King’s Rock;Roca del rey
Silver Powder;Polvo plata
Amulet Coin;Moneda amuleto
Cleanse Tag;Amuleto
Soul Dew;Rocío bondad
Deep Sea Tooth;Diente marino
Deep Sea Scale;Escama marina
Smoke Ball;Bola de humo
Everstone;Piedra eterna
Focus Band;Cinta aguante
Lucky Egg;Huevo suerte
Scope Lens;Periscopio
Metal Coat;Revestimiento metálico
Leftovers;Restos
Dragon Scale;Escama de dragón
Light Ball;Bola luminosa
Soft Sand;Arena fina
Hard Stone;Piedra dura
Miracle Seed;Semilla milagro
Black Glasses;Gafas de sol
Black Belt;Cinturón negro
Magnet;Imán
Mystic Water;Agua mística
Sharp Beak;Pico afilado
Poison Barb;Flecha venenosa
Never-Melt Ice;Hielo perpetuo
Spell Tag;Hechizo
Twisted Spoon;Cuchara torcida
Charcoal;Carbón
Dragon Fang;Colmillo de dragón
Silk Scarf;Pañuelo de seda
Upgrade;Mejora
Shell Bell;Cascabel concha
Sea Incense;Incienso marino
Lax Incense;Incienso suave
Lucky Punch;Puño suerte
Metal Powder;Polvo metálico
Thick Club;Hueso grueso
Leek;Puerro
Red Scarf;Pañuelo rojo
Blue Scarf;Pañuelo azul
Pink Scarf;Pañuelo rosa
Green Scarf;Pañuelo verde
Yellow Scarf;Pañuelo amarillo
Wide Lens;Lupa
Muscle Band;Cinta fuerte
Wise Glasses;Gafas especiales
Expert Belt;Cinturón de experto
Light Clay;Refleluz
Life Orb;Vidasfera
Power Herb;Hierba única
Toxic Orb;Toxisfera
Flame Orb;Llamasfera
Quick Powder;Polvo veloz
Focus Sash;Banda aguante
Zoom Lens;Telescopio
Metronome;Metrónomo
Iron Ball;Bola férrea
Lagging Tail;Cola plúmbea
Destiny Knot;Lazo destino
Black Sludge;Lodo negro
Icy Rock;Roca helada
Smooth Rock;Roca suave
Heat Rock;Roca calor
Damp Rock;Roca lluvia
Grip Claw;Garra garfio
Choice Scarf;Pañuelo elección
Sticky Barb;Toxiestrella
Power Bracer;Brazal recio
Power Belt;Cinto recio
Power Lens;Lente recia
Power Band;Banda recia
Power Anklet;Tobillera recia
Power Weight;Pesa recia
Shed Shell;Muda concha
Big Root;Raíz grande
Choice Specs;Gafas elección
Flame Plate;Tabla llama
Splash Plate;Tabla linfa
Zap Plate;Tabla trueno
Meadow Plate;Tabla pradal
Icicle Plate;Tabla helada
Fist Plate;Tabla fuerte
Toxic Plate;Tabla tóxica
Earth Plate;Tabla terrax
Sky Plate;Tabla cielo
Mind Plate;Tabla mental
Insect Plate;Tabla bicho
Stone Plate;Tabla pétrea
Spooky Plate;Tabla terror
Draco Plate;Tabla draco
Dread Plate;Tabla oscura
Iron Plate;Tabla acero
Odd Incense;Incienso raro
Rock Incense;Incienso roca
Full Incense;Incienso lento
Wave Incense;Incienso acua
Rose Incense;Incienso floral
Luck Incense;Incienso duplo
Pure Incense;Incienso puro
Protector;Protector
Electirizer;Electrizador
Magmarizer;Magmatizador
Dubious Disc;Disco extraño
Reaper Cloth;Tela terrible
Razor Claw;Garra afilada
Razor Fang;Colmillo agudo
TM001;MT001
TM002;MT002
TM003;MT003
TM004;MT004
TM005;MT005
TM006;MT006
TM007;MT007
TM008;MT008
TM009;MT009
TM010;MT010
TM011;MT011
TM012;MT012
TM013;MT013
TM014;MT014
TM015;MT015
TM016;MT016
TM017;MT017
TM018;MT018
TM019;MT019
TM020;MT020
TM021;MT021
TM022;MT022
TM023;MT023
TM024;MT024
TM025;MT025
TM026;MT026
TM027;MT027
TM028;MT028
TM029;MT029
TM030;MT030
TM031;MT031
TM032;MT032
TM033;MT033
TM034;MT034
TM035;MT035
TM036;MT036
TM037;MT037
TM038;MT038
TM039;MT039
TM040;MT040
TM041;MT041
TM042;MT042
TM043;MT043
TM044;MT044
TM045;MT045
TM046;MT046
TM047;MT047
TM048;MT048
TM049;MT049
TM050;MT050
TM051;MT051
TM052;MT052
TM053;MT053
TM054;MT054
TM055;MT055
TM056;MT056
TM057;MT057
TM058;MT058
TM059;MT059
TM060;MT060
TM061;MT061
TM062;MT062
TM063;MT063
TM064;MT064
TM065;MT065
TM066;MT066
TM067;MT067
TM068;MT068
TM069;MT069
TM070;MT070
TM071;MT071
TM072;MT072
TM073;MT073
TM074;MT074
TM075;MT075
TM076;MT076
TM077;MT077
TM078;MT078
TM079;MT079
TM080;MT080
TM081;MT081
TM082;MT082
TM083;MT083
TM084;MT084
TM085;MT085
TM086;MT086
TM087;MT087
TM088;MT088
TM089;MT089
TM090;MT090
TM091;MT091
TM092;MT092
HM01;MO01
HM02;MO02
HM03;MO03
HM04;MO04
HM05;MO05
HM06;MO06
HM07;MO07
HM08;MO08
Explorer Kit;Kit de explorador
Loot Sack;Saca botín
Rule Book;Reglamento
Poké Radar;Poké radar
Point Card;Tarjeta de puntos
Guidebook;Guía de viaje
Sticker Case;Caja de sellos
Fashion Case;Caja corazón
Sticker Bag;Bolsa de sellos
Pal Pad;Bloc de amigos
Works Key;Llave de la central
Old Charm;Talismán
Galactic Key;Llave Galaxia
Red Chain;Cadena roja
Town Map;Mapa
Vs. Seeker;Buscapelea
Coin Case;Monedero
Old Rod;Caña vieja
Good Rod;Caña buena
Super Rod;Supercaña
Sprayduck;Psydugadera
Poffin Case;Pokochera
Bike;Bici
Suite Key;Llave de la suite
Oak’s Letter;Carta del profesor Oak
Lunar Feather;Pluma lunar
Member Card;Carné de socio
Azure Flute;Flauta azur
S.S. Ticket;Ticket del barco
Contest Pass;Pase de concurso
Magma Stone;Piedra magma
Parcel;Paquete
Coupon 1;Cupón 1
Coupon 2;Cupón 2
Coupon 3;Cupón 3
Storage Key;Llave del almacén
Secret Medicine;Medicina secreta
Vs. Recorder;Cámara lucha
Gracidea;Gracídea
Secret Key;Llave secreta
Apricorn Box;Caja bonguri
Unown Report;Bloc Unown
Berry Pots;Plantabayas
Dowsing Machine;Zahorí
Blue Card;Tarjeta azul
Slowpoke Tail;Cola de Slowpoke
Clear Bell;Cascabel claro
Card Key;Llave magnética
Basement Key;Llave del sótano
Squirt Bottle;Squirgadera
Red Scale;Escama roja
Lost Item;Objeto perdido
Pass;Magnetopase
Machine Part;Maquinaria
Silver Feather;Pluma plateada
Rainbow Feather;Pluma arcoíris
Mystery Egg;Huevo misterioso
Red Apricorn;Bonguri rojo
Blue Apricorn;Bonguri azul
Yellow Apricorn;Bonguri amarillo
Green Apricorn;Bonguri verde
Pink Apricorn;Bonguri rosa
White Apricorn;Bonguri blanco
Black Apricorn;Bonguri negro
Fast Ball;Rapid Ball
Level Ball;Nivel Ball
Lure Ball;Cebo Ball
Heavy Ball;Peso Ball
Love Ball;Amor Ball
Friend Ball;Amigo Ball
Moon Ball;Luna Ball
Sport Ball;Competi Ball
Park Ball;Parque Ball
Photo Album;Álbum
GB Sounds;Reproductor GB
Tidal Bell;Cascabel oleaje
Rage Candy Bar;Caramelo furia
Data Card 01;Tarjeta de datos 01
Data Card 02;Tarjeta de datos 02
Data Card 03;Tarjeta de datos 03
Data Card 04;Tarjeta de datos 04
Data Card 05;Tarjeta de datos 05
Data Card 06;Tarjeta de datos 06
Data Card 07;Tarjeta de datos 07
Data Card 08;Tarjeta de datos 08
Data Card 09;Tarjeta de datos 09
Data Card 10;Tarjeta de datos 10
Data Card 11;Tarjeta de datos 11
Data Card 12;Tarjeta de datos 12
Data Card 13;Tarjeta de datos 13
Data Card 14;Tarjeta de datos 14
Data Card 15;Tarjeta de datos 15
Data Card 16;Tarjeta de datos 16
Data Card 17;Tarjeta de datos 17
Data Card 18;Tarjeta de datos 18
Data Card 19;Tarjeta de datos 19
Data Card 20;Tarjeta de datos 20
Data Card 21;Tarjeta de datos 21
Data Card 22;Tarjeta de datos 22
Data Card 23;Tarjeta de datos 23
Data Card 24;Tarjeta de datos 24
Data Card 25;Tarjeta de datos 25
Data Card 26;Tarjeta de datos 26
Data Card 27;Tarjeta de datos 27
Jade Orb;Esfera verde
Lock Capsule;Cápsula candado
Red Orb;Prisma rojo
Blue Orb;Prisma azul
Enigma Stone;Misticristal
Prism Scale;Escama bella
Eviolite;Mineral evolutivo
Float Stone;Piedra pómez
Rocky Helmet;Casco dentado
Air Balloon;Globo helio
Red Card;Tarjeta roja
Ring Target;Blanco
Binding Band;Banda atadura
Absorb Bulb;Tubérculo
Cell Battery;Pila
Eject Button;Botón escape
Fire Gem;Gema fuego
Water Gem;Gema agua
Electric Gem;Gema eléctrico
Grass Gem;Gema planta
Ice Gem;Gema hielo
Fighting Gem;Gema lucha
Poison Gem;Gema veneno
Ground Gem;Gema tierra
Flying Gem;Gema volador
Psychic Gem;Gema psíquico
Bug Gem;Gema bicho
Rock Gem;Gema roca
Ghost Gem;Gema fantasma
Dragon Gem;Gema dragón
Dark Gem;Gema siniestro
Steel Gem;Gema acero
Normal Gem;Gema normal
Health Feather;Pluma vigor
Muscle Feather;Pluma músculo
Resist Feather;Pluma aguante
Genius Feather;Pluma intelecto
Clever Feather;Pluma mente
Swift Feather;Pluma ímpetu
Pretty Feather;Pluma bella
Cover Fossil;Fósil tapa
Plume Fossil;Fósil pluma
Liberty Pass;Tarjeta libertad
Pass Orb;Regalosfera
Dream Ball;Ensueño Ball
Poké Toy;Pokéseñuelo
Prop Case;Neceser
Dragon Skull;Cráneo de dragón
Balm Mushroom;Seta aroma
Big Nugget;Maxipepita de oro
Pearl String;Sarta de perlas
Comet Shard;Fragmento de cometa
Relic Copper;Real de cobre
Relic Silver;Real de plata
Relic Gold;Real de oro
Relic Vase;Ánfora antigua
Relic Band;Brazal antiguo
Relic Statue;Efigie antigua
Relic Crown;Corona antigua
Casteliacone;Porcehelado
Dire Hit 2;Crítico X 2
X Speed 2;Velocidad X 2
X Sp. Atk 2;Ataque especial X 2
X Sp. Def 2;Defensa especial X 2
X Defense 2;Defensa X 2
X Attack 2;Ataque X 2
X Accuracy 2;Precisión X 2
X Speed 3;Velocidad X 3
X Sp. Atk 3;Ataque especial X 3
X Sp. Def 3;Defensa especial X 3
X Defense 3;Defensa X 3
X Attack 3;Ataque X 3
X Accuracy 3;Precisión X 3
X Speed 6;Velocidad X 6
X Sp. Atk 6;Ataque especial X 6
X Sp. Def 6;Defensa especial X 6
X Defense 6;Defensa X 6
X Attack 6;Ataque X 6
X Accuracy 6;Precisión X 6
Ability Urge;Habilitador
Item Drop;Tiraobjeto
Item Urge;Activaobjeto
Reset Urge;Quitaestado
Dire Hit 3;Crítico X 3
Light Stone;Orbe claro
Dark Stone;Orbe oscuro
TM093;MT093
TM094;MT094
TM095;MT095
Xtransceiver;Videomisor
Gram 1;Envío 1
Gram 2;Envío 2
Gram 3;Envío 3
Xtransceiver;Videomisor
Medal Box;Caja de insignias
DNA Splicers;Punta ADN
DNA Splicers;Punta ADN
Permit;Pase
Oval Charm;Amuleto oval
Shiny Charm;Amuleto iris
Plasma Card;Tarjeta Plasma
Grubby Hanky;Pañuelo sucio
Colress Machine;Acromáquina
Dropped Item;Objeto perdido
Dropped Item;Objeto perdido
Reveal Glass;Espejo veraz
Weakness Policy;Seguro de debilidad
Assault Vest;Chaleco asalto
Holo Caster;Holomisor
Prof’s Letter;Carta del profesor
Roller Skates;Patines
Pixie Plate;Tabla duende
Ability Capsule;Cápsula habilidad
Whipped Dream;Dulce de nata
Sachet;Saquito fragante
Luminous Moss;Musgo brillante
Snowball;Bola de nieve
Safety Goggles;Gafa protectora
Poké Flute;Pokéflauta
Rich Mulch;Abono fértil
Surprise Mulch;Abono sorpresa
Boost Mulch;Abono fructífero
Amaze Mulch;Abono insólito
Gengarite;Gengarita
Gardevoirite;Gardevoirita
Ampharosite;Ampharosita
Venusaurite;Venusaurita
Charizardite X;Charizardita X
Blastoisinite;Blastoisita
Mewtwonite X;Mewtwoita X
Mewtwonite Y;Mewtwoita Y
Blazikenite;Blazikenita
Medichamite;Medichamita
Houndoominite;Houndoomita
Aggronite;Aggronita
Banettite;Banettita
Tyranitarite;Tyranitarita
Scizorite;Scizorita
Pinsirite;Pinsirita
Aerodactylite;Aerodactylita
Lucarionite;Lucarita
Abomasite;Abomasnowita
Kangaskhanite;Kangaskhanita
Gyaradosite;Gyaradosita
Absolite;Absolita
Charizardite Y;Charizardita Y
Alakazite;Alakazamita
Heracronite;Heracrossita
Mawilite;Mawilita
Manectite;Manectricita
Garchompite;Garchompita
Latiasite;Latiasita
Latiosite;Latiosita
Roseli Berry;Baya Hibis
Kee Berry;Baya Biglia
Maranga Berry;Baya Maranga
Sprinklotad;Lotadgadera
TM096;MT096
TM097;MT097
TM098;MT098
TM099;MT099
TM100;MT100
Power Plant Pass;Pase de la central
Mega Ring;Megaaro
Intriguing Stone;Piedra insólita
Common Stone;Piedra común
Discount Coupon;Vale de descuento
Elevator Key;Llave del ascensor
TMV Pass;Abono del TMV
Honor of Kalos;Emblema de Kalos
Adventure Guide;Guía de aventura
Strange Souvenir;Estatuilla rara
Lens Case;Portalentillas
Makeup Bag;Kit de maquillaje
Travel Trunk;Maleta
Lumiose Galette;Galette Luminalia
Shalour Sable;Galleta Yantra
Jaw Fossil;Fósil mandíbula
Sail Fossil;Fósil aleta
Looker Ticket;Boleto Handsome
Bike;Bici
Holo Caster;Holomisor
Fairy Gem;Gema hada
Mega Charm;Megacolgante
Mega Glove;Megaguante
Mach Bike;Bici de carreras
Acro Bike;Bici acrobática
Wailmer Pail;Wailmegadera
Devon Parts;Piezas Devon
Soot Sack;Saco de hollín
Basement Key;Llave del sótano
Pokéblock Kit;Kit de pokécubos
Letter;Carta a Máximo
Eon Ticket;Ticket éon
Scanner;Escáner
Go-Goggles;Gafas aislantes
Meteorite;Meteorito
Key to Room 1;Llave habitación 1
Key to Room 2;Llave habitación 2
Key to Room 4;Llave habitación 4
Key to Room 6;Llave habitación 6
Storage Key;Llave del almacén
Devon Scope;Detector Devon
S.S. Ticket;Ticket del barco
HM07;MO07
Devon Scuba Gear;Bombona Devon
Contest Costume;Traje de gala
Contest Costume;Vestido de gala
Magma Suit;Traje Magma
Aqua Suit;Traje Aqua
Pair of Tickets;Entrada para dos
Mega Bracelet;Megapulsera
Mega Pendant;Megacollar
Mega Glasses;Megagafas
Mega Anchor;Megaancla
Mega Stickpin;Megabroche
Mega Tiara;Megatiara
Mega Anklet;Megatobillera
Meteorite;Meteorito
Swampertite;Swampertita
Sceptilite;Sceptilita
Sablenite;Sableynita
Altarianite;Altarianita
Galladite;Galladita
Audinite;Audinita
Metagrossite;Metagrossita
Sharpedonite;Sharpedonita
Slowbronite;Slowbronita
Steelixite;Steelixita
Pidgeotite;Pidgeotita
Glalitite;Glalita
Diancite;Diancita
Prison Bottle;Vasija de castigo
Mega Cuff;Megabrazalete
Cameruptite;Cameruptita
Lopunnite;Lopunnita
Salamencite;Salamencita
Beedrillite;Beedrillita
Meteorite;Meteorito
Meteorite;Meteorito
Key Stone;Piedra activadora
Meteorite Shard;Fragmento de meteorito
Eon Flute;Flauta eón
Normalium Z;Normastal Z
Firium Z;Pirostal Z
Waterium Z;Hidrostal Z
Electrium Z;Electrostal Z
Grassium Z;Fitostal Z
Icium Z;Criostal Z
Fightinium Z;Lizastal Z
Poisonium Z;Toxistal Z
Groundium Z;Geostal Z
Flyinium Z;Aerostal Z
Psychium Z;Psicostal Z
Buginium Z;Insectostal Z
Rockium Z;Litostal Z
Ghostium Z;Espectrostal Z
Dragonium Z;Dracostal Z
Darkinium Z;Nictostal Z
Steelium Z;Metalostal Z
Fairium Z;Feeristal Z
Pikanium Z;Pikastal Z
Bottle Cap;Chapa plateada
Gold Bottle Cap;Chapa dorada
Z-Ring;Pulsera Z
Decidium Z;Dueyestal Z
Incinium Z;Incinostal Z
Primarium Z;Primastal Z
Tapunium Z;Tapistal Z
Marshadium Z;Marshastal Z
Aloraichium Z;Alo-Raistal Z
Snorlium Z;Snorlastal Z
Eevium Z;Eeveestal Z
Mewnium Z;Mewstal Z
Normalium Z;Normastal Z
Firium Z;Pirostal Z
Waterium Z;Hidrostal Z
Electrium Z;Electrostal Z
Grassium Z;Fitostal Z
Icium Z;Criostal Z
Fightinium Z;Lizastal Z
Poisonium Z;Toxistal Z
Groundium Z;Geostal Z
Flyinium Z;Aerostal Z
Psychium Z;Psicostal Z
Buginium Z;Insectostal Z
Rockium Z;Litostal Z
Ghostium Z;Espectrostal Z
Dragonium Z;Dracostal Z
Darkinium Z;Nictostal Z
Steelium Z;Metalostal Z
Fairium Z;Feeristal Z
Pikanium Z;Pikastal Z
Decidium Z;Dueyestal Z
Incinium Z;Incinostal Z
Primarium Z;Primastal Z
Tapunium Z;Tapistal Z
Marshadium Z;Marshastal Z
Aloraichium Z;Alo-Raistal Z
Snorlium Z;Snorlastal Z
Eevium Z;Eeveestal Z
Mewnium Z;Mewstal Z
Pikashunium Z;Ash-Pikastal Z
Pikashunium Z;Ash-Pikastal Z
Forage Bag;Zurrón
Fishing Rod;Caña
Professor’s Mask;Máscara del profesor
Festival Ticket;Festicupón
Sparkling Stone;Piedra brillante
Adrenaline Orb;Nersiosfera
Zygarde Cube;Arca de Zygarde
Ice Stone;Piedra hielo
Ride Pager;Buscamontura
Beast Ball;Ente Ball
Big Malasada;Malasada maxi
Red Nectar;Néctar rojo
Yellow Nectar;Néctar amarillo
Pink Nectar;Néctar rosa
Purple Nectar;Néctar violeta
Sun Flute;Flauta solar
Moon Flute;Flauta lunar
Enigmatic Card;Nota intrigante
Silver Razz Berry;Baya Frambu plateada
Golden Razz Berry;Baya Frambu dorada
Silver Nanab Berry;Baya Latano plateada
Golden Nanab Berry;Baya Latano dorada
Silver Pinap Berry;Baya Pinia plateada
Golden Pinap Berry;Baya Pinia dorada
Secret Key;Llave secreta
S.S. Ticket;Ticket del barco
Silph Scope;Visor Silph
Parcel;Paquete
Card Key;Llave magnética
Gold Teeth;Dentadura de oro
Lift Key;Llave del ascensor
Terrain Extender;Cubresuelos
Protective Pads;Paracontacto
Electric Seed;Semilla electro
Psychic Seed;Semilla psique
Misty Seed;Semilla bruma
Grassy Seed;Semilla hierba
Stretchy Spring;Muelle estirado
Chalky Stone;Tiza
Marble;Canica
Lone Earring;Pendiente
Beach Glass;Cristal marino
Gold Leaf;Hoja de oro
Silver Leaf;Hoja de plata
Polished Mud Ball;Bola de arcilla
Tropical Shell;Concha tropical
Leaf Letter;Hoja escrita
Leaf Letter;Hoja escrita
Small Bouquet;Ramo pequeño
Lure;Colonia
Super Lure;Supercolonia
Max Lure;Colonia máxima
Pewter Crunchies;Rokikos
Fighting Memory;Disco lucha
Flying Memory;Disco volador
Poison Memory;Disco veneno
Ground Memory;Disco tierra
Rock Memory;Disco roca
Bug Memory;Disco bicho
Ghost Memory;Disco fantasma
Steel Memory;Disco acero
Fire Memory;Disco fuego
Water Memory;Disco agua
Grass Memory;Disco planta
Electric Memory;Disco eléctrico
Psychic Memory;Disco psíquico
Ice Memory;Disco hielo
Dragon Memory;Disco dragón
Dark Memory;Disco siniestro
Fairy Memory;Disco hada
Solganium Z;Solgaleostal Z
Lunalium Z;Lunalastal Z
Ultranecrozium Z;Ultranecrostal Z
Mimikium Z;Mimikyustal Z
Lycanium Z;Lycanrostal Z
Kommonium Z;Kommostal Z
Solganium Z;Solgaleostal Z
Lunalium Z;Lunalastal Z
Ultranecrozium Z;Ultranecrostal Z
Mimikium Z;Mimikyustal Z
Lycanium Z;Lycanrostal Z
Kommonium Z;Kommostal Z
Z-Power Ring;Superpulsera Z
Pink Petal;Pétalo rosa
Orange Petal;Pétalo naranja
Blue Petal;Pétalo azul
Red Petal;Pétalo rojo
Green Petal;Pétalo verde
Yellow Petal;Pétalo amarillo
Purple Petal;Pétalo violeta
Rainbow Flower;Flor irisada
Surge Badge;Medalla Fulgor
N-Solarizer;Necrosol
N-Lunarizer;Necroluna
N-Solarizer;Necrosol
N-Lunarizer;Necroluna
Ilima’s Normalium Z;Cristal Z
Left Poké Ball;Poké Ball ajena
Roto Hatch;Cupón eclosión
Roto Bargain;Cupón rebaja
Roto Prize Money;Cupón botín
Roto Exp. Points;Cupón experiencia
Roto Friendship;Cupón amistad
Roto Encounter;Cupón reclamo
Roto Stealth;Cupón sigilo
Roto HP Restore;Cupón PS
Roto PP Restore;Cupón PP
Roto Boost;Cupón refuerzo
Roto Catch;Cupón captura
Health Candy;Caramelo vigor
Mighty Candy;Caramelo músculo
Tough Candy;Caramelo aguante
Smart Candy;Caramelo intelecto
Courage Candy;Caramelo mente
Quick Candy;Caramelo ímpetu
Health Candy L;Caramelo vigor +
Mighty Candy L;Caramelo músculo +
Tough Candy L;Caramelo aguante +
Smart Candy L;Caramelo intelecto +
Courage Candy L;Caramelo mente +
Quick Candy L;Caramelo ímpetu +
Health Candy XL;Caramelo vigor ++
Mighty Candy XL;Caramelo músculo ++
Tough Candy XL;Caramelo aguante ++
Smart Candy XL;Caramelo intelecto ++
Courage Candy XL;Caramelo mente ++
Quick Candy XL;Caramelo ímpetu ++
Bulbasaur Candy;Caramelo Bulbasaur
Charmander Candy;Caramelo Charmander
Squirtle Candy;Caramelo Squirtle
Caterpie Candy;Caramelo Caterpie
Weedle Candy;Caramelo Weedle
Pidgey Candy;Caramelo Pidgey
Rattata Candy;Caramelo Rattata
Spearow Candy;Caramelo Spearow
Ekans Candy;Caramelo Ekans
Pikachu Candy;Caramelo Pikachu
Sandshrew Candy;Caramelo Sandshrew
Nidoran♀ Candy;Caramelo Nidoran♀
Nidoran♂ Candy;Caramelo Nidoran♂
Clefairy Candy;Caramelo Clefairy
Vulpix Candy;Caramelo Vulpix
Jigglypuff Candy;Caramelo Jigglypuff
Zubat Candy;Caramelo Zubat
Oddish Candy;Caramelo Oddish
Paras Candy;Caramelo Paras
Venonat Candy;Caramelo Venonat
Diglett Candy;Caramelo Diglett
Meowth Candy;Caramelo Meowth
Psyduck Candy;Caramelo Psyduck
Mankey Candy;Caramelo Mankey
Growlithe Candy;Caramelo Growlithe
Poliwag Candy;Caramelo Poliwag
Abra Candy;Caramelo Abra
Machop Candy;Caramelo Machop
Bellsprout Candy;Caramelo Bellsprout
Tentacool Candy;Caramelo Tentacool
Geodude Candy;Caramelo Geodude
Ponyta Candy;Caramelo Ponyta
Slowpoke Candy;Caramelo Slowpoke
Magnemite Candy;Caramelo Magnemite
Farfetch’d Candy;Caramelo Farfetch’d
Doduo Candy;Caramelo Doduo
Seel Candy;Caramelo Seel
Grimer Candy;Caramelo Grimer
Shellder Candy;Caramelo Shellder
Gastly Candy;Caramelo Gastly
Onix Candy;Caramelo Onix
Drowzee Candy;Caramelo Drowzee
Krabby Candy;Caramelo Krabby
Voltorb Candy;Caramelo Voltorb
Exeggcute Candy;Caramelo Exeggcute
Cubone Candy;Caramelo Cubone
Hitmonlee Candy;Caramelo Hitmonlee
Hitmonchan Candy;Caramelo Hitmonchan
Lickitung Candy;Caramelo Lickitung
Koffing Candy;Caramelo Koffing
Rhyhorn Candy;Caramelo Rhyhorn
Chansey Candy;Caramelo Chansey
Tangela Candy;Caramelo Tangela
Kangaskhan Candy;Caramelo Kangaskhan
Horsea Candy;Caramelo Horsea
Goldeen Candy;Caramelo Goldeen
Staryu Candy;Caramelo Staryu
Mr. Mime Candy;Caramelo Mr. Mime
Scyther Candy;Caramelo Scyther
Jynx Candy;Caramelo Jynx
Electabuzz Candy;Caramelo Electabuzz
Pinsir Candy;Caramelo Pinsir
Tauros Candy;Caramelo Tauros
Magikarp Candy;Caramelo Magikarp
Lapras Candy;Caramelo Lapras
Ditto Candy;Caramelo Ditto
Eevee Candy;Caramelo Eevee
Porygon Candy;Caramelo Porygon
Omanyte Candy;Caramelo Omanyte
Kabuto Candy;Caramelo Kabuto
Aerodactyl Candy;Caramelo Aerodactyl
Snorlax Candy;Caramelo Snorlax
Articuno Candy;Caramelo Articuno
Zapdos Candy;Caramelo Zapdos
Moltres Candy;Caramelo Moltres
Dratini Candy;Caramelo Dratini
Mewtwo Candy;Caramelo Mewtwo
Mew Candy;Caramelo Mew
Meltan Candy;Caramelo Meltan
Magmar Candy;Caramelo Magmar
Endorsement;Recomendación
Pokémon Box Link;Caja de Pokémon
Wishing Star;Estrella deseo
Dynamax Band;Maximuñequera
Fishing Rod;Caña
Rotom Bike;Bici Rotom
Sausages;Salchichas
Bob’s Food Tin;Lata de Darren
Bach’s Food Tin;Lata de Bach
Tin of Beans;Lata de habas
Bread;Pan de molde
Pasta;Pasta
Mixed Mushrooms;Setas
Smoke-Poke Tail;Cola ahumada
Large Leek;Puerro grueso
Fancy Apple;Manzana selecta
Brittle Bones;Huesos finos
Pack of Potatoes;Patatas
Pungent Root;Hierba intensa
Salad Mix;Verduras
Fried Food;Frituras
Boiled Egg;Huevo duro
Camping Gear;Kit de acampada
Rusted Sword;Espada oxidada
Rusted Shield;Escudo oxidado
Fossilized Bird;Ornitofósil
Fossilized Fish;Ictiofósil
Fossilized Drake;Dracofósil
Fossilized Dino;Plesiofósil
Strawberry Sweet;Confite fresa
Love Sweet;Confite corazón
Berry Sweet;Confite fruto
Clover Sweet;Confite trébol
Flower Sweet;Confite flor
Star Sweet;Confite estrella
Ribbon Sweet;Confite lazo
Sweet Apple;Manzana dulce
Tart Apple;Manzana ácida
Throat Spray;Espray bucal
Eject Pack;Mochila escape
Heavy-Duty Boots;Botas gruesas
Blunder Policy;Seguro de fallo
Room Service;Servicio raro
Utility Umbrella;Parasol multiuso
Exp. Candy XS;Caramelo experiencia XS
Exp. Candy S;Caramelo experiencia S
Exp. Candy M;Caramelo experiencia M
Exp. Candy L;Caramelo experiencia L
Exp. Candy XL;Caramelo experiencia XL
Dynamax Candy;Caramelo Dinamax
TR00;DT00
TR01;DT01
TR02;DT02
TR03;DT03
TR04;DT04
TR05;DT05
TR06;DT06
TR07;DT07
TR08;DT08
TR09;DT09
TR10;DT10
TR11;DT11
TR12;DT12
TR13;DT13
TR14;DT14
TR15;DT15
TR16;DT16
TR17;DT17
TR18;DT18
TR19;DT19
TR20;DT20
TR21;DT21
TR22;DT22
TR23;DT23
TR24;DT24
TR25;DT25
TR26;DT26
TR27;DT27
TR28;DT28
TR29;DT29
TR30;DT30
TR31;DT31
TR32;DT32
TR33;DT33
TR34;DT34
TR35;DT35
TR36;DT36
TR37;DT37
TR38;DT38
TR39;DT39
TR40;DT40
TR41;DT41
TR42;DT42
TR43;DT43
TR44;DT44
TR45;DT45
TR46;DT46
TR47;DT47
TR48;DT48
TR49;DT49
TR50;DT50
TR51;DT51
TR52;DT52
TR53;DT53
TR54;DT54
TR55;DT55
TR56;DT56
TR57;DT57
TR58;DT58
TR59;DT59
TR60;DT60
TR61;DT61
TR62;DT62
TR63;DT63
TR64;DT64
TR65;DT65
TR66;DT66
TR67;DT67
TR68;DT68
TR69;DT69
TR70;DT70
TR71;DT71
TR72;DT72
TR73;DT73
TR74;DT74
TR75;DT75
TR76;DT76
TR77;DT77
TR78;DT78
TR79;DT79
TR80;DT80
TR81;DT81
TR82;DT82
TR83;DT83
TR84;DT84
TR85;DT85
TR86;DT86
TR87;DT87
TR88;DT88
TR89;DT89
TR90;DT90
TR91;DT91
TR92;DT92
TR93;DT93
TR94;DT94
TR95;DT95
TR96;DT96
TR97;DT97
TR98;DT98
TR99;DT99
TM00;MT00
Lonely Mint;Menta huraña
Adamant Mint;Menta firme
Naughty Mint;Menta pícara
Brave Mint;Menta audaz
Bold Mint;Menta osada
Impish Mint;Menta agitada
Lax Mint;Menta floja
Relaxed Mint;Menta plácida
Modest Mint;Menta modesta
Mild Mint;Menta afable
Rash Mint;Menta alocada
Quiet Mint;Menta mansa
Calm Mint;Menta serena
Gentle Mint;Menta amable
Careful Mint;Menta cauta
Sassy Mint;Menta grosera
Timid Mint;Menta miedosa
Hasty Mint;Menta activa
Jolly Mint;Menta alegre
Naive Mint;Menta ingenua
Serious Mint;Menta seria
Wishing Piece;Trozo deseo
Cracked Pot;Tetera agrietada
Chipped Pot;Tetera rota
Hi-tech Earbuds;Supertapones
Fruit Bunch;Fruta tropical
Moomoo Cheese;Queso Mu-mu
Spice Mix;Especias
Fresh Cream;Nata fresca
Packaged Curry;Curri de bote
Coconut Milk;Leche de coco
Instant Noodles;Fideos de bote
Precooked Burger;Hamburguesas
Gigantamix;Especias Gigamax
Wishing Chip;Trocito deseo
Rotom Bike;Bici Rotom
Catching Charm;Amuleto captura
Old Letter;Carta ajada
Band Autograph;Autógrafo del grupo
Sonia’s Book;Libro de Sonia
Rotom Catalog;Catálogo Rotom
★And458;★And458
★And15;★And15
★And337;★And337
★And603;★And603
★And390;★And390
★Sgr6879;★Sgr6879
★Sgr6859;★Sgr6859
★Sgr6913;★Sgr6913
★Sgr7348;★Sgr7348
★Sgr7121;★Sgr7121
★Sgr6746;★Sgr6746
★Sgr7194;★Sgr7194
★Sgr7337;★Sgr7337
★Sgr7343;★Sgr7343
★Sgr6812;★Sgr6812
★Sgr7116;★Sgr7116
★Sgr7264;★Sgr7264
★Sgr7597;★Sgr7597
★Del7882;★Del7882
★Del7906;★Del7906
★Del7852;★Del7852
★Psc596;★Psc596
★Psc361;★Psc361
★Psc510;★Psc510
★Psc437;★Psc437
★Psc8773;★Psc8773
★Lep1865;★Lep1865
★Lep1829;★Lep1829
★Boo5340;★Boo5340
★Boo5506;★Boo5506
★Boo5435;★Boo5435
★Boo5602;★Boo5602
★Boo5733;★Boo5733
★Boo5235;★Boo5235
★Boo5351;★Boo5351
★Hya3748;★Hya3748
★Hya3903;★Hya3903
★Hya3418;★Hya3418
★Hya3482;★Hya3482
★Hya3845;★Hya3845
★Eri1084;★Eri1084
★Eri472;★Eri472
★Eri1666;★Eri1666
★Eri897;★Eri897
★Eri1231;★Eri1231
★Eri874;★Eri874
★Eri1298;★Eri1298
★Eri1325;★Eri1325
★Eri984;★Eri984
★Eri1464;★Eri1464
★Eri1393;★Eri1393
★Eri850;★Eri850
★Tau1409;★Tau1409
★Tau1457;★Tau1457
★Tau1165;★Tau1165
★Tau1791;★Tau1791
★Tau1910;★Tau1910
★Tau1346;★Tau1346
★Tau1373;★Tau1373
★Tau1412;★Tau1412
★CMa2491;★CMa2491
★CMa2693;★CMa2693
★CMa2294;★CMa2294
★CMa2827;★CMa2827
★CMa2282;★CMa2282
★CMa2618;★CMa2618
★CMa2657;★CMa2657
★CMa2646;★CMa2646
★UMa4905;★UMa4905
★UMa4301;★UMa4301
★UMa5191;★UMa5191
★UMa5054;★UMa5054
★UMa4295;★UMa4295
★UMa4660;★UMa4660
★UMa4554;★UMa4554
★UMa4069;★UMa4069
★UMa3569;★UMa3569
★UMa3323;★UMa3323
★UMa4033;★UMa4033
★UMa4377;★UMa4377
★UMa4375;★UMa4375
★UMa4518;★UMa4518
★UMa3594;★UMa3594
★Vir5056;★Vir5056
★Vir4825;★Vir4825
★Vir4932;★Vir4932
★Vir4540;★Vir4540
★Vir4689;★Vir4689
★Vir5338;★Vir5338
★Vir4910;★Vir4910
★Vir5315;★Vir5315
★Vir5359;★Vir5359
★Vir5409;★Vir5409
★Vir5107;★Vir5107
★Ari617;★Ari617
★Ari553;★Ari553
★Ari546;★Ari546
★Ari951;★Ari951
★Ori1713;★Ori1713
★Ori2061;★Ori2061
★Ori1790;★Ori1790
★Ori1903;★Ori1903
★Ori1948;★Ori1948
★Ori2004;★Ori2004
★Ori1852;★Ori1852
★Ori1879;★Ori1879
★Ori1899;★Ori1899
★Ori1543;★Ori1543
★Cas21;★Cas21
★Cas168;★Cas168
★Cas403;★Cas403
★Cas153;★Cas153
★Cas542;★Cas542
★Cas219;★Cas219
★Cas265;★Cas265
★Cnc3572;★Cnc3572
★Cnc3208;★Cnc3208
★Cnc3461;★Cnc3461
★Cnc3449;★Cnc3449
★Cnc3429;★Cnc3429
★Cnc3627;★Cnc3627
★Cnc3268;★Cnc3268
★Cnc3249;★Cnc3249
★Com4968;★Com4968
★Crv4757;★Crv4757
★Crv4623;★Crv4623
★Crv4662;★Crv4662
★Crv4786;★Crv4786
★Aur1708;★Aur1708
★Aur2088;★Aur2088
★Aur1605;★Aur1605
★Aur2095;★Aur2095
★Aur1577;★Aur1577
★Aur1641;★Aur1641
★Aur1612;★Aur1612
★Pav7790;★Pav7790
★Cet911;★Cet911
★Cet681;★Cet681
★Cet188;★Cet188
★Cet539;★Cet539
★Cet804;★Cet804
★Cep8974;★Cep8974
★Cep8162;★Cep8162
★Cep8238;★Cep8238
★Cep8417;★Cep8417
★Cen5267;★Cen5267
★Cen5288;★Cen5288
★Cen551;★Cen551
★Cen5459;★Cen5459
★Cen5460;★Cen5460
★CMi2943;★CMi2943
★CMi2845;★CMi2845
★Equ8131;★Equ8131
★Vul7405;★Vul7405
★UMi424;★UMi424
★UMi5563;★UMi5563
★UMi5735;★UMi5735
★UMi6789;★UMi6789
★Crt4287;★Crt4287
★Lyr7001;★Lyr7001
★Lyr7178;★Lyr7178
★Lyr7106;★Lyr7106
★Lyr7298;★Lyr7298
★Ara6585;★Ara6585
★Sco6134;★Sco6134
★Sco6527;★Sco6527
★Sco6553;★Sco6553
★Sco5953;★Sco5953
★Sco5984;★Sco5984
★Sco6508;★Sco6508
★Sco6084;★Sco6084
★Sco5944;★Sco5944
★Sco6630;★Sco6630
★Sco6027;★Sco6027
★Sco6247;★Sco6247
★Sco6252;★Sco6252
★Sco5928;★Sco5928
★Sco6241;★Sco6241
★Sco6165;★Sco6165
★Tri544;★Tri544
★Leo3982;★Leo3982
★Leo4534;★Leo4534
★Leo4357;★Leo4357
★Leo4057;★Leo4057
★Leo4359;★Leo4359
★Leo4031;★Leo4031
★Leo3852;★Leo3852
★Leo3905;★Leo3905
★Leo3773;★Leo3773
★Gru8425;★Gru8425
★Gru8636;★Gru8636
★Gru8353;★Gru8353
★Lib5685;★Lib5685
★Lib5531;★Lib5531
★Lib5787;★Lib5787
★Lib5603;★Lib5603
★Pup3165;★Pup3165
★Pup3185;★Pup3185
★Pup3045;★Pup3045
★Cyg7924;★Cyg7924
★Cyg7417;★Cyg7417
★Cyg7796;★Cyg7796
★Cyg8301;★Cyg8301
★Cyg7949;★Cyg7949
★Cyg7528;★Cyg7528
★Oct7228;★Oct7228
★Col1956;★Col1956
★Col2040;★Col2040
★Col2177;★Col2177
★Gem2990;★Gem2990
★Gem2891;★Gem2891
★Gem2421;★Gem2421
★Gem2473;★Gem2473
★Gem2216;★Gem2216
★Gem2777;★Gem2777
★Gem2650;★Gem2650
★Gem2286;★Gem2286
★Gem2484;★Gem2484
★Gem2930;★Gem2930
★Peg8775;★Peg8775
★Peg8781;★Peg8781
★Peg39;★Peg39
★Peg8308;★Peg8308
★Peg8650;★Peg8650
★Peg8634;★Peg8634
★Peg8684;★Peg8684
★Peg8450;★Peg8450
★Peg8880;★Peg8880
★Peg8905;★Peg8905
★Oph6556;★Oph6556
★Oph6378;★Oph6378
★Oph6603;★Oph6603
★Oph6149;★Oph6149
★Oph6056;★Oph6056
★Oph6075;★Oph6075
★Ser5854;★Ser5854
★Ser7141;★Ser7141
★Ser5879;★Ser5879
★Her6406;★Her6406
★Her6148;★Her6148
★Her6410;★Her6410
★Her6526;★Her6526
★Her6117;★Her6117
★Her6008;★Her6008
★Per936;★Per936
★Per1017;★Per1017
★Per1131;★Per1131
★Per1228;★Per1228
★Per834;★Per834
★Per941;★Per941
★Phe99;★Phe99
★Phe338;★Phe338
★Vel3634;★Vel3634
★Vel3485;★Vel3485
★Vel3734;★Vel3734
★Aqr8232;★Aqr8232
★Aqr8414;★Aqr8414
★Aqr8709;★Aqr8709
★Aqr8518;★Aqr8518
★Aqr7950;★Aqr7950
★Aqr8499;★Aqr8499
★Aqr8610;★Aqr8610
★Aqr8264;★Aqr8264
★Cru4853;★Cru4853
★Cru4730;★Cru4730
★Cru4763;★Cru4763
★Cru4700;★Cru4700
★Cru4656;★Cru4656
★PsA8728;★PsA8728
★TrA6217;★TrA6217
★Cap7776;★Cap7776
★Cap7754;★Cap7754
★Cap8278;★Cap8278
★Cap8322;★Cap8322
★Cap7773;★Cap7773
★Sge7479;★Sge7479
★Car2326;★Car2326
★Car3685;★Car3685
★Car3307;★Car3307
★Car3699;★Car3699
★Dra5744;★Dra5744
★Dra5291;★Dra5291
★Dra6705;★Dra6705
★Dra6536;★Dra6536
★Dra7310;★Dra7310
★Dra6688;★Dra6688
★Dra4434;★Dra4434
★Dra6370;★Dra6370
★Dra7462;★Dra7462
★Dra6396;★Dra6396
★Dra6132;★Dra6132
★Dra6636;★Dra6636
★CVn4915;★CVn4915
★CVn4785;★CVn4785
★CVn4846;★CVn4846
★Aql7595;★Aql7595
★Aql7557;★Aql7557
★Aql7525;★Aql7525
★Aql7602;★Aql7602
★Aql7235;★Aql7235
Max Honey;Maxipanal
Max Mushrooms;Maxiseta
Galarica Twig;Rama de galanuez
Galarica Cuff;Brazal galanuez
Style Card;Tarjeta chic
Armor Pass;Pase Armadura
Rotom Bike;Bici Rotom
Rotom Bike;Bici Rotom
Exp. Charm;Amuleto experiencia
Armorite Ore;Duralium
Mark Charm;Amuleto emblema
Reins of Unity;Riendas unión
Reins of Unity;Riendas unión
Galarica Wreath;Corona galanuez
Legendary Clue 1;Leyenda 1
Legendary Clue 2;Leyenda 2
Legendary Clue 3;Leyenda 3
Legendary Clue?;Leyenda (?)
Crown Pass;Pase Corona
Wooden Crown;Corona tallada
Radiant Petal;Pétalo fulgor
White Mane Hair;Crin blanca
Black Mane Hair;Crin negra
Iceroot Carrot;Zanahoria nívea
Shaderoot Carrot;Zanahoria oscura
Dynite Ore;Maxinium
Carrot Seeds;Semillas de zanahoria
Ability Patch;Parche habilidad
Reins of Unity;Riendas unión
Time Balm;Calmasfera tiempo
Space Balm;Calmasfera espacio
Mysterious Balm;Calmasfera
Linking Cord;Cordón unión
Hometown Muffin;Bizcocho clásico
Apricorn;Bonguri
Jubilife Muffin;Bizcocho Jubileo
Aux Powerguard;Gragea multi
Dire Hit;Gragea crítica
Choice Dumpling;Aperitivo elección
Twice-Spiced Radish;Encurtidoble
Swap Snack;Bocadito inversión
Caster Fern;Helecho rizado
Seed of Mastery;Semilla dominio
Poké Ball;Poké Ball
Eternal Ice;Hielo eterno
Uxie’s Claw;Garra de Uxie
Azelf’s Fang;Diente de Azelf
Mesprit’s Plume;Pluma de Mesprit
Tumblestone;Guijarro rojo
Celestica Flute;Flauta celestial
Remedy;Remedio
Fine Remedy;Superremedio
Dazzling Honey;Miel brillante
Hearty Grains;Espiga vivaz
Plump Beans;Haba suculenta
Springy Mushroom;Seta esponjosa
Crunchy Salt;Mineral crocante
Wood;Madera
King’s Leaf;Hierba regia
Marsh Balm;Calmasfera pantano
Poké Ball;Poké Ball
Great Ball;Super Ball
Ultra Ball;Ultra Ball
Feather Ball;Pluma Ball
Pokéshi Doll;Pokémuñeca
Smoke Bomb;Bola humareda
Scatter Bang;Bola ruidosa
Sticky Glob;Bola pegajosa
Star Piece;Trozo de estrella
Mushroom Cake;Cebo de setas
Bugwort;Hierba repelente
Honey Cake;Cebo meloso
Grain Cake;Cebo de grano
Bean Cake;Cebo de habas
Salt Cake;Cebo mineral
Potion;Poción
Super Potion;Superpoción
Hyper Potion;Hiperpoción
Max Potion;Poción máxima
Full Restore;Restaurar todo
Remedy;Remedio
Fine Remedy;Superremedio
Superb Remedy;Hiperremedio
Old Gateau;Barrita plus
Jubilife Muffin;Bizcocho Jubileo
Full Heal;Cura total
Revive;Revivir
Max Revive;Revivir máximo
Max Ether;Píldora éter
Max Elixir;Píldora elixir
Stealth Spray;Aerosol sigilo
Aux Power;Gragea ofensiva
Aux Guard;Gragea defensiva
Dire Hit;Gragea crítica
Aux Evasion;Gragea evasiva
Aux Powerguard;Gragea multi
Forest Balm;Calmasfera bosque
Iron Chunk;Pepita de hierro
Black Tumblestone;Guijarro negro
Sky Tumblestone;Guijarro celeste
Ball of Mud;Bola de lodo
Pop Pod;Marimo ruidoso
Sootfoot Root;Fumibulbo
Spoiled Apricorn;Bonguri pocho
Snowball;Bola de nieve
Sticky Glob;Bola pegajosa
Black Augurite;Mineral negro
Peat Block;Bloque de turba
Stealth Spray;Aerosol sigilo
Medicinal Leek;Puerro medicinal
Vivichoke;Revibrote
Pep-Up Plant;Hierba éter
Tempting Charm B;Amuleto sustituto 2
Tempting Charm P;Amuleto sustituto 3
Swordcap;Seta espada
Iron Barktongue;Seta férrea
Doppel Bonnets;Seta evasiva
Direshroom;Seta crítica
Sand Radish;Rábano arenero
Tempting Charm T;Amuleto sustituto 4
Tempting Charm Y;Amuleto sustituto 5
Candy Truffle;Trufa dulce
Cake-Lure Base;Masa para cebo
Poké Ball;Poké Ball
Great Ball;Super Ball
Ultra Ball;Super Ball
Feather Ball;Pluma Ball
Scatter Bang;Bola ruidosa
Smoke Bomb;Bola humareda
Pokéshi Doll;Pokémuñeca
Volcano Balm;Calmasfera volcán
Mountain Balm;Calmasfera montaña
Snow Balm;Calmasfera nieve
Honey Cake;Cebo meloso
Grain Cake;Cebo de grano
Bean Cake;Cebo de habas
Mushroom Cake;Cebo de setas
Salt Cake;Cebo mineral
Swap Snack;Bocadito inversión
Choice Dumpling;Aperitivo elección
Twice-Spiced Radish;Encurtidoble
Survival Charm R;Amuleto protector 1
Survival Charm B;Amuleto protector 2
Survival Charm P;Amuleto protector 3
Survival Charm T;Amuleto protector 4
Survival Charm Y;Amuleto protector 5
Torn Journal;Diario rasgado
Warding Charm R;Amuleto salud 1
Warding Charm B;Amuleto salud 2
Warding Charm P;Amuleto salud 3
Warding Charm T;Amuleto salud 4
Warding Charm Y;Amuleto salud 5
Wall Fragment;Trozo de losa
Basculegion Food;Cebo Basculegion
Old Journal;Diario antiguo
Wing Ball;Ala Ball
Jet Ball;Aero Ball
Heavy Ball;Peso Ball
Leaden Ball;Kilo Ball
Gigaton Ball;Quintal Ball
Wing Ball;Ala Ball
Jet Ball;Aero Ball
Heavy Ball;Peso Ball
Hopo Berry;Baya Lupu
Superb Remedy;Hiperremedio
Aux Power;Gragea ofensiva
Aux Guard;Gragea defensiva
Aux Evasion;Gragea evasiva
Grit Dust;Polvo esfuerzo
Grit Gravel;Grava esfuerzo
Grit Pebble;Piedra esfuerzo
Grit Rock;Roca esfuerzo
Secret Medicine;Medicina secreta
Tempting Charm R;Amuleto sustituto 1
Lost Satchel;Objeto perdido
Lost Satchel;Objeto perdido
Lost Satchel;Objeto perdido
Lost Satchel;Objeto perdido
Lost Satchel;Objeto perdido
Origin Ball;Origen Ball
Origin Ore;Mena origen
Adamant Crystal;Gran diamansfera
Lustrous Globe;Gran lustresfera
Griseous Core;Gran griseosfera
Blank Plate;Tabla neutra
Crafting Kit;Kit de artesanía
Leaden Ball;Kilo Ball
Gigaton Ball;Quintal Ball
Strange Ball;Extraña Ball
Pokédex;Pokédex
Old Verse 1;Poema antiguo 1
Old Verse 2;Poema antiguo 2
Old Verse 3;Poema antiguo 3
Old Verse 4;Poema antiguo 4
Old Verse 5;Poema antiguo 5
Old Verse 6;Poema antiguo 6
Old Verse 7;Poema antiguo 7
Old Verse 8;Poema antiguo 8
Old Verse 9;Poema antiguo 9
Old Verse 10;Poema antiguo 10
Old Verse 11;Poema antiguo 11
Old Verse 12;Poema antiguo 12
Old Verse 13;Poema antiguo 13
Old Verse 14;Poema antiguo 14
Old Verse 15;Poema antiguo 15
Old Verse 16;Poema antiguo 16
Old Verse 17;Poema antiguo 17
Old Verse 18;Poema antiguo 18
Old Verse 19;Poema antiguo 19
Old Verse 20;Poema antiguo 20
Mysterious Shard S;Esquirla extraña S
Mysterious Shard L;Esquirla extraña L
Digger Drill;Taladro
Kanto Slate;Losa Kanto
Johto Slate;Losa Johto
Soul Slate;Losa empatía
Rainbow Slate;Losa arcoíris
Squall Slate;Losa tormenta
Oceanic Slate;Losa mar
Tectonic Slate;Losa tierra
Stratospheric Slate;Losa cielo
Genome Slate;Losa genética
Discovery Slate;Losa inicio
Distortion Slate;Losa distorsión
DS Sounds;Reproductor DS
Legend Plate;Tabla legendaria
Rotom Phone;SmartRotom
Sandwich;Bocadillo
Koraidon’s Poké Ball;Poké Ball de Koraidon
Miraidon’s Poké Ball;Poké Ball de Miraidon
Tera Orb;Orbe Teracristal
Scarlet Book;Libro Escarlata
Violet Book;Libro Púrpura
Kofu’s Wallet;Cartera de Fuco
Tiny Bamboo Shoot;Bambú pequeño
Big Bamboo Shoot;Bambú grande
Scroll of Darkness;Manuscrito sombras
Scroll of Waters;Manuscrito aguas
Malicious Armor;Armadura maldita
Normal Tera Shard;Teralito normal
Fire Tera Shard;Teralito fuego
Water Tera Shard;Teralito agua
Electric Tera Shard;Teralito eléctrico
Grass Tera Shard;Teralito planta
Ice Tera Shard;Teralito hielo
Fighting Tera Shard;Teralito lucha
Poison Tera Shard;Teralito veneno
Ground Tera Shard;Teralito tierra
Flying Tera Shard;Teralito volador
Psychic Tera Shard;Teralito psíquico
Bug Tera Shard;Teralito bicho
Rock Tera Shard;Teralito roca
Ghost Tera Shard;Teralito fantasma
Dragon Tera Shard;Teralito dragón
Dark Tera Shard;Teralito siniestro
Steel Tera Shard;Teralito acero
Fairy Tera Shard;Teralito hada
Booster Energy;Energía potenciadora
Ability Shield;Escudo habilidad
Clear Amulet;Amuleto puro
Mirror Herb;Hierba copia
Punching Glove;Guante de boxeo
Covert Cloak;Capa furtiva
Loaded Dice;Dado trucado
Baguette;Barra de pan
Mayonnaise;Mayonesa
Ketchup;Kétchup
Mustard;Mostaza
Butter;Mantequilla
Peanut Butter;Crema de cacahuete
Chili Sauce;Salsa picante
Salt;Sal
Pepper;Pimienta
Yogurt;Yogur
Whipped Cream;Nata montada
Cream Cheese;Queso crema
Jam;Confitura de bayas
Marmalade;Mermelada
Olive Oil;Aceite de oliva
Vinegar;Vinagre
Sweet Herba Mystica;Especia oculta dulce
Salty Herba Mystica;Especia oculta salada
Sour Herba Mystica;Especia oculta ácida
Bitter Herba Mystica;Especia oculta amarga
Spicy Herba Mystica;Especia oculta picante
Lettuce;Lechuga
Tomato;Tomate
Cherry Tomatoes;Tomate cherri
Cucumber;Pepino
Pickle;Pepinillo
Onion;Cebolla
Red Onion;Cebolla roja
Green Bell Pepper;Pimiento verde
Red Bell Pepper;Pimiento rojo
Yellow Bell Pepper;Pimiento amarillo
Avocado;Aguacate
Bacon;Panceta
Ham;Jamón cocido
Prosciutto;Jamón serrano
Chorizo;Chorizo
Herbed Sausage;Butifarra
Hamburger;Hamburguesa
Klawf Stick;Surimi de Klawf
Smoked Fillet;Filete ahumado
Fried Fillet;Filete frito
Egg;Huevo cocido
Potato Tortilla;Tortilla
Tofu;Tofu
Rice;Arroz
Noodles;Fideos
Potato Salad;Ensaladilla
Cheese;Queso
Banana;Plátano
Strawberry;Fresa
Apple;Manzana
Kiwi;Kiwi
Pineapple;Piña
Jalapeño;Jalapeño
Horseradish;Rábano picante
Curry Powder;Curri en polvo
Wasabi;Wasabi
Watercress;Berros
Basil;Albahaca
Venonat Fang;Colmillo de Venonat
Diglett Dirt;Tierra de Diglett
Meowth Fur;Pelo de Meowth
Psyduck Down;Plumón de Psyduck
Mankey Fur;Pelo de Mankey
Growlithe Fur;Pelo de Growlithe
Slowpoke Claw;Garra de Slowpoke
Magnemite Screw;Tornillo de Magnemite
Grimer Toxin;Toxinas de Grimer
Shellder Pearl;Perla de Shellder
Gastly Gas;Gas de Gastly
Drowzee Fur;Pelo de Drowzee
Voltorb Sparks;Electricidad de Voltorb
Scyther Claw;Garra de Scyther
Tauros Hair;Pelo de Tauros
Magikarp Scales;Escama de Magikarp
Ditto Goo;Pegote de Ditto
Eevee Fur;Pelo de Eevee
Dratini Scales;Escama de Dratini
Pichu Fur;Pelo de Pichu
Igglybuff Fluff;Pelo de Igglybuff
Mareep Wool;Lana de Mareep
Hoppip Leaf;Hoja de Hoppip
Sunkern Leaf;Hoja de Sunkern
Murkrow Bauble;Tesoro de Murkrow
Misdreavus Tears;Lágrima de Misdreavus
Girafarig Fur;Pelo de Girafarig
Pineco Husk;Corteza de Pineco
Dunsparce Scales;Escama de Dunsparce
Qwilfish Spines;Púa de Qwilfish
Heracross Claw;Garra de Heracross
Sneasel Claw;Garra de Sneasel
Teddiursa Claw;Garra de Teddiursa
Delibird Parcel;Paquete de Delibird
Houndour Fang;Colmillo de Houndour
Phanpy Nail;Uña de Phanpy
Stantler Hair;Pelo de Stantler
Larvitar Claw;Garra de Larvitar
Wingull Feather;Pluma de Wingull
Ralts Dust;Pertenencia de Ralts
Surskit Syrup;Néctar de Surskit
Shroomish Spores;Esporas de Shroomish
Slakoth Fur;Pelo de Slakoth
Makuhita Sweat;Sudor de Makuhita
Azurill Fur;Pelo de Azurill
Sableye Gem;Gema de Sableye
Meditite Sweat;Sudor de Meditite
Gulpin Mucus;Secreción de Gulpin
Numel Lava;Lava de Numel
Torkoal Coal;Carbón de Torkoal
Spoink Pearl;Perla de Spoink
Cacnea Needle;Espina de Cacnea
Swablu Fluff;Pluma de Swablu
Zangoose Claw;Garra de Zangoose
Seviper Fang;Colmillo de Seviper
Barboach Slime;Secreción de Barboach
Shuppet Scrap;Retal de Shuppet
Tropius Leaf;Hoja de Tropius
Snorunt Fur;Pelo de Snorunt
Luvdisc Scales;Escama de Luvdisc
Bagon Scales;Escama de Bagon
Starly Feather;Pluma de Starly
Kricketot Shell;Muda de Kricketot
Shinx Fang;Colmillo de Shinx
Combee Honey;Miel de Combee
Pachirisu Fur;Pelo de Pachirisu
Buizel Fur;Pelo de Buizel
Shellos Mucus;Secreción de Shellos
Drifloon Gas;Gas de Drifloon
Stunky Fur;Pelo de Stunky
Bronzor Fragment;Fragmento de Bronzor
Bonsly Tears;Lágrima de Bonsly
Happiny Dust;Pertenencia de Happiny
Spiritomb Fragment;Fragmento de Spiritomb
Gible Scales;Escama de Gible
Riolu Fur;Pelo de Riolu
Hippopotas Sand;Arena de Hippopotas
Croagunk Poison;Toxinas de Croagunk
Finneon Scales;Escama de Finneon
Snover Berries;Baya de Snover
Rotom Sparks;Electricidad de Rotom
Petilil Leaf;Hoja de Petilil
Basculin Fang;Colmillo de Basculin
Sandile Claw;Garra de Sandile
Zorua Fur;Pelo de Zorua
Gothita Eyelash;Pestaña de Gothita
Deerling Hair;Pelo de Deerling
Foongus Spores;Esporas de Foongus
Alomomola Mucus;Secreción de Alomomola
Tynamo Slime;Secreción de Tynamo
Axew Scales;Escama de Axew
Cubchoo Fur;Pelo de Cubchoo
Cryogonal Ice;Hielo de Cryogonal
Pawniard Blade;Cuchilla de Pawniard
Rufflet Feather;Pluma de Rufflet
Deino Scales;Escama de Deino
Larvesta Fuzz;Pelo de Larvesta
Fletchling Feather;Pluma de Fletchling
Scatterbug Powder;Polvo de Scatterbug
Litleo Tuft;Mechón de Litleo
Flabébé Pollen;Polen de Flabébé
Skiddo Leaf;Hoja de Skiddo
Skrelp Kelp;Alga de Skrelp
Clauncher Claw;Pinza de Clauncher
Hawlucha Down;Plumón de Hawlucha
Dedenne Fur;Pelo de Dedenne
Goomy Goo;Secreción de Goomy
Klefki Key;Llave de Klefki
Bergmite Ice;Hielo de Bergmite
Noibat Fur;Pelo de Noibat
Yungoos Fur;Pelo de Yungoos
Crabrawler Shell;Cáscara de Crabrawler
Oricorio Feather;Pluma de Oricorio
Rockruff Rock;Roca de Rockruff
Mareanie Spike;Aguijón de Mareanie
Mudbray Mud;Lodo de Mudbray
Fomantis Leaf;Hoja de Fomantis
Salandit Gas;Gas de Salandit
Bounsweet Sweat;Sudor de Bounsweet
Oranguru Fur;Pelo de Oranguru
Passimian Fur;Pelo de Passimian
Sandygast Sand;Arena de Sandygast
Komala Claw;Garra de Komala
Mimikyu Scrap;Retal de Mimikyu
Bruxish Tooth;Diente de Bruxish
Chewtle Claw;Garra de Chewtle
Skwovet Fur;Pelo de Skwovet
Arrokuda Scales;Escama de Arrokuda
Rookidee Feather;Pluma de Rookidee
Toxel Sparks;Electricidad de Toxel
Falinks Sweat;Sudor de Falinks
Cufant Tarnish;Óxido de Cufant
Rolycoly Coal;Carbón de Rolycoly
Silicobra Sand;Arena de Silicobra
Indeedee Fur;Pelo de Indeedee
Pincurchin Spines;Púa de Pincurchin
Snom Thread;Hilo de Snom
Impidimp Hair;Pelo de Impidimp
Applin Juice;Zumo de Applin
Sinistea Chip;Fragmento de Sinistea
Hatenna Dust;Pertenencia de Hatenna
Stonjourner Stone;Roca de Stonjourner
Eiscue Down;Plumón de Eiscue
Dreepy Powder;Polvo de Dreepy
Lechonk Hair;Pelo de Lechonk
Tarountula Thread;Hilo de Tarountula
Nymble Claw;Garra de Nymble
Rellor Mud;Barro de Rellor
Greavard Wax;Cera de Greavard
Flittle Down;Plumón de Flittle
Wiglett Sand;Arena de Wiglett
Dondozo Whisker;Bigote de Dondozo
Veluza Fillet;Carne de Veluza
Finizen Mucus;Secreción de Finizen
Smoliv Oil;Aceite de Smoliv
Capsakid Seed;Semilla de Capsakid
Tadbulb Mucus;Secreción de Tadbulb
Varoom Fume;Gas de Varoom
Orthworm Tarnish;Óxido de Orthworm
Tandemaus Fur;Pelo de Tandemaus
Cetoddle Grease;Grasa de Cetoddle
Frigibax Scales;Escama de Frigibax
Tatsugiri Scales;Escama de Tatsugiri
Cyclizar Scales;Escama de Cyclizar
Pawmi Fur;Pelo de Pawmi
Wattrel Feather;Pluma de Wattrel
Bombirdier Feather;Pluma de Bombirdier
Squawkabilly Feather;Pluma de Squawkabilly
Flamigo Down;Plumón de Flamigo
Klawf Claw;Pinza de Klawf
Nacli Salt;Sal de Nacli
Glimmet Crystal;Cristal de Glimmet
Shroodle Ink;Tinta de Shroodle
Fidough Fur;Pelo de Fidough
Maschiff Fang;Colmillo de Maschiff
Bramblin Twig;Rama de Bramblin
Gimmighoul Coin;Moneda de Gimmighoul
Tinkatink Hair;Pelo de Tinkatink
Charcadet Soot;Hollín de Charcadet
Toedscool Flaps;Pliegue de Toedscool
Wooper Slime;Secreción de Wooper
TM100;MT100
TM101;MT101
TM102;MT102
TM103;MT103
TM104;MT104
TM105;MT105
TM106;MT106
TM107;MT107
TM108;MT108
TM109;MT109
TM110;MT110
TM111;MT111
TM112;MT112
TM113;MT113
TM114;MT114
TM115;MT115
TM116;MT116
TM117;MT117
TM118;MT118
TM119;MT119
TM120;MT120
TM121;MT121
TM122;MT122
TM123;MT123
TM124;MT124
TM125;MT125
TM126;MT126
TM127;MT127
TM128;MT128
TM129;MT129
TM130;MT130
TM131;MT131
TM132;MT132
TM133;MT133
TM134;MT134
TM135;MT135
TM136;MT136
TM137;MT137
TM138;MT138
TM139;MT139
TM140;MT140
TM141;MT141
TM142;MT142
TM143;MT143
TM144;MT144
TM145;MT145
TM146;MT146
TM147;MT147
TM148;MT148
TM149;MT149
TM150;MT150
TM151;MT151
TM152;MT152
TM153;MT153
TM154;MT154
TM155;MT155
TM156;MT156
TM157;MT157
TM158;MT158
TM159;MT159
TM160;MT160
TM161;MT161
TM162;MT162
TM163;MT163
TM164;MT164
TM165;MT165
TM166;MT166
TM167;MT167
TM168;MT168
TM169;MT169
TM170;MT170
TM171;MT171
TM172;MT172
TM173;MT173
TM174;MT174
TM175;MT175
TM176;MT176
TM177;MT177
TM178;MT178
TM179;MT179
TM180;MT180
TM181;MT181
TM182;MT182
TM183;MT183
TM184;MT184
TM185;MT185
TM186;MT186
TM187;MT187
TM188;MT188
TM189;MT189
TM190;MT190
TM191;MT191
TM192;MT192
TM193;MT193
TM194;MT194
TM195;MT195
TM196;MT196
TM197;MT197
TM198;MT198
TM199;MT199
TM200;MT200
TM201;MT201
TM202;MT202
TM203;MT203
TM204;MT204
TM205;MT205
TM206;MT206
TM207;MT207
TM208;MT208
TM209;MT209
TM210;MT210
TM211;MT211
TM212;MT212
TM213;MT213
TM214;MT214
TM215;MT215
TM216;MT216
TM217;MT217
TM218;MT218
TM219;MT219
TM220;MT220
TM221;MT221
TM222;MT222
TM223;MT223
TM224;MT224
TM225;MT225
TM226;MT226
TM227;MT227
TM228;MT228
TM229;MT229
Picnic Set;Kit de pícnic
Academy Bottle;Termo academia
Academy Bottle;Termo academia
Polka-Dot Bottle;Termo lunares
Striped Bottle;Termo rayas
Diamond Bottle;Termo rombos
Academy Cup;Taza academia
Academy Cup;Taza academia
Striped Cup;Taza raya vertical
Polka-Dot Cup;Taza lunares
Flower Pattern Cup;Taza flores
Academy Tablecloth;Mantel academia
Academy Tablecloth;Mantel academia
Whimsical Tablecloth;Mantel cuco
Leafy Tablecloth;Mantel naturaleza
Spooky Tablecloth;Mantel espectral
Academy Ball;Pelota academia
Academy Ball;Pelota academia
Marill Ball;Pelota Marill
Yarn Ball;Pelota ovillo
Cyber Ball;Pelota cibernética
Gold Pick;Palillo dorado
Silver Pick;Palillo plateado
Red-Flag Pick;Palillo bandera roja
Blue-Flag Pick;Palillo bandera azul
Pika-Pika Pick;Palillo Pikachu
Winking Pika Pick;Palillo Pikaguiño
Vee-Vee Pick;Palillo Eevee
Smiling Vee Pick;Palillo Eevee feliz
Blue Poké Ball Pick;Palillo Ball azul
Auspicious Armor;Armadura auspiciosa
Leader’s Crest;Distintivo de líder
Pink Bottle;Termo rosa
Blue Bottle;Termo azul
Yellow Bottle;Termo amarillo
Steel Bottle (R);Termo metal rojo
Steel Bottle (Y);Termo metal amarillo
Steel Bottle (B);Termo metal azul
Silver Bottle;Termo plateado
Barred Cup;Taza raya horizontal
Diamond Pattern Cup;Taza rombos
Fire Pattern Cup;Taza llamas
Pink Cup;Taza rosa
Blue Cup;Taza azul
Yellow Cup;Taza amarilla
Pikachu Cup;Taza Pikachu
Eevee Cup;Taza Eevee
Slowpoke Cup;Taza Slowpoke
Silver Cup;Taza plateada
Exercise Ball;Pelota pilates
Plaid Tablecloth (Y);Mantel cuadros ámbar
Plaid Tablecloth (B);Mantel cuadros azul
Plaid Tablecloth (R);Mantel cuadros rojo
B&W Grass Tablecloth;Mantel hierba alta
Battle Tablecloth;Mantel combate
Monstrous Tablecloth;Mantel monstruoso
Striped Tablecloth;Mantel rayas
Diamond Tablecloth;Mantel rombos
Polka-Dot Tablecloth;Mantel lunares
Lilac Tablecloth;Mantel malva
Mint Tablecloth;Mantel menta
Peach Tablecloth;Mantel beis
Yellow Tablecloth;Mantel amarillo
Blue Tablecloth;Mantel azul
Pink Tablecloth;Mantel rosa
Gold Bottle;Termo dorado
Bronze Bottle;Termo bronceado
Gold Cup;Taza dorada
Bronze Cup;Taza bronceada
Green Poké Ball Pick;Palillo Ball verde
Red Poké Ball Pick;Palillo Ball roja
Party Sparkler Pick;Palillo bengala
Heroic Sword Pick;Palillo heroico
Magical Star Pick;Palillo estrella
Magical Heart Pick;Palillo corazón
Parasol Pick;Palillo sombrilla
Blue-Sky Flower Pick;Palillo flor azul
Sunset Flower Pick;Palillo flor naranja
Sunrise Flower Pick;Palillo flor rosa
Blue Dish;Plato azul
Green Dish;Plato verde
Orange Dish;Plato naranja
Red Dish;Plato rojo
White Dish;Plato blanco
Yellow Dish;Plato amarillo
Fairy Feather;Pluma feérica
Syrupy Apple;Manzana melosa
Unremarkable Teacup;Cuenco mediocre
Masterpiece Teacup;Cuenco exquisito
Teal Mask;Máscara turquesa
Cornerstone Mask;Máscara cimiento
Wellspring Mask;Máscara fuente
Hearthflame Mask;Máscara horno
Teal Style Card;Tarjeta chic verde
Crystal Cluster;Fragmento de cristal
Health Mochi;Mochi vigor
Muscle Mochi;Mochi músculo
Resist Mochi;Mochi aguante
Genius Mochi;Mochi intelecto
Clever Mochi;Mochi mente
Swift Mochi;Mochi ímpetu
Simple Chairs;Sillas simples
Academy Chairs;Sillas academia
Academy Chairs;Sillas academia
Whimsical Chairs;Sillas cucas
Leafy Chairs;Sillas naturaleza
Spooky Chairs;Sillas espectrales
Plaid Chairs (Y);Sillas cuadros ámbares
Plaid Chairs (B);Sillas cuadros azules
Plaid Chairs (R);Sillas cuadros rojas
B&W Grass Chairs;Sillas hierba alta
Battle Chairs;Sillas combate
Monstrous Chairs;Sillas monstruosas
Striped Chairs;Sillas rayas
Diamond Chairs;Sillas rombos
Polka-Dot Chairs;Sillas lunares
Lilac Chairs;Sillas malvas
Mint Chairs;Sillas menta
Peach Chairs;Sillas beis
Yellow Chairs;Sillas amarillas
Blue Chairs;Sillas azules
Pink Chairs;Sillas rosas
Ekans Fang;Colmillo de Ekans
Sandshrew Claw;Garra de Sandshrew
Cleffa Fur;Pelo de Cleffa
Vulpix Fur;Pelo de Vulpix
Poliwag Slime;Secreción de Poliwag
Bellsprout Vine;Liana de Bellsprout
Geodude Fragment;Fragmento de Geodude
Koffing Gas;Gas de Koffing
Munchlax Fang;Colmillo de Munchlax
Sentret Fur;Pelo de Sentret
Hoothoot Feather;Pluma de Hoothoot
Spinarak Thread;Hilo de Spinarak
Aipom Hair;Pelo de Aipom
Yanma Spike;Aguijón de Yanma
Gligar Fang;Colmillo de Gligar
Slugma Lava;Lava de Slugma
Swinub Hair;Pelo de Swinub
Poochyena Fang;Colmillo de Poochyena
Lotad Leaf;Hoja de Lotad
Seedot Stem;Tallo de Seedot
Nosepass Fragment;Fragmento de Nosepass
Volbeat Fluid;Fluido de Volbeat
Illumise Fluid;Fluido de Illumise
Corphish Shell;Cáscara de Corphish
Feebas Scales;Escama de Feebas
Duskull Fragment;Fragmento de Duskull
Chingling Fragment;Fragmento de Chingling
Timburr Sweat;Sudor de Timburr
Sewaddle Leaf;Hoja de Sewaddle
Ducklett Feather;Pluma de Ducklett
Litwick Soot;Hollín de Litwick
Mienfoo Claw;Garra de Mienfoo
Vullaby Feather;Pluma de Vullaby
Carbink Jewel;Gema de Carbink
Phantump Twig;Rama de Phantump
Grubbin Thread;Hilo de Grubbin
Cutiefly Powder;Polvo de Cutiefly
Jangmo-o Scales;Escama de Jangmo-o
Cramorant Down;Plumón de Cramorant
Morpeko Snack;Semilla de Morpeko
Poltchageist Powder;Polvo de Poltchageist
Fresh-Start Mochi;Mochi reinicio
Roto-Stick;Paloselfi Rotom
Glimmering Charm;Amuleto cristalino
Metal Alloy;Metal compuesto
Indigo Style Card;Tarjeta chic azul
Oddish Leaf;Hoja de Oddish
Tentacool Stinger;Aguijón de Tentacool
Doduo Down;Plumón de Doduo
Seel Fur;Pelo de Seel
Exeggcute Shell;Cáscara de Exeggcute
Tyrogue Sweat;Sudor de Tyrogue
Rhyhorn Fang;Colmillo de Rhyhorn
Horsea Ink;Tinta de Horsea
Elekid Fur;Pelo de Elekid
Magby Hair;Pelo de Magby
Lapras Teardrop;Lágrima de Lapras
Porygon Fragment;Fragmento de Porygon
Chinchou Sparks;Electricidad de Chinchou
Snubbull Hair;Pelo de Snubbull
Skarmory Feather;Pluma de Skarmory
Smeargle Paint;Pintura de Smeargle
Plusle Fur;Pelo de Plusle
Minun Fur;Pelo de Minun
Trapinch Shell;Coraza de Trapinch
Beldum Claw;Garra de Beldum
Cranidos Spike;Púa de Cranidos
Shieldon Claw;Garra de Shieldon
Blitzle Mane Hair;Mechón de Blitzle
Drilbur Claw;Garra de Drilbur
Cottonee Fluff;Algodón de Cottonee
Scraggy Sweat;Sudor de Scraggy
Minccino Fur;Pelo de Minccino
Solosis Gel;Gel de Solosis
Joltik Thread;Hilo de Joltik
Golett Shard;Fragmento de Golett
Espurr Fur;Pelo de Espurr
Inkay Ink;Tinta de Inkay
Pikipek Feather;Pluma de Pikipek
Dewpider Thread;Hilo de Dewpider
Comfey Flower;Flor de Comfey
Minior Shell;Caparazón de Minior
Milcery Cream;Nata de Milcery
Duraludon Tarnish;Óxido de Duraludon
Articuno Treat;Galleta Articuno
Zapdos Treat;Galleta Zapdos
Moltres Treat;Galleta Moltres
Raikou Treat;Galleta Raikou
Entei Treat;Galleta Entei
Suicune Treat;Galleta Suicune
Lugia Treat;Galleta Lugia
Ho-Oh Treat;Galleta Ho-Oh
Latias Treat;Galleta Latias
Latios Treat;Galleta Latios
Kyogre Treat;Galleta Kyogre
Groudon Treat;Galleta Groudon
Rayquaza Treat;Galleta Rayquaza
Cobalion Treat;Galleta Cobalion
Terrakion Treat;Galleta Terrakion
Virizion Treat;Galleta Virizion
Reshiram Treat;Galleta Reshiram
Zekrom Treat;Galleta Zekrom
Kyurem Treat;Galleta Kyurem
Solgaleo Treat;Galleta Solgaleo
Lunala Treat;Galleta Lunala
Necrozma Treat;Galleta Necrozma
Kubfu Treat;Galleta Kubfu
Glastrier Treat;Galleta Glastrier
Spectrier Treat;Galleta Spectrier
Indigo Disk;Disco índigo
Fiery Pick;Palillo ígneo
Stellar Tera Shard;Teralito astral
Mythical Pecha Berry;Baya Meloc singular
Blueberry Tablecloth;Mantel Arándano
Blueberry Chairs;Sillas Arándano
Synchro Machine;Sincromisor
Meteorite;Meteorito
Scarlet Book;Libro Escarlata
Violet Book;Libro Púrpura
Briar’s Book;Libro de Brie
Seed of Mastery;Semilla dominio
Clefablite;Clefablita
Victreebelite;Victreebelita
Starminite;Starmita
Dragoninite;Dragonitita
Meganiumite;Meganiumita
Feraligite;Feraligatrita
Skarmorite;Skarmorita
Froslassite;Froslassita
Heatranite;Heatranita
Darkranite;Darkrainita
Emboarite;Emboarita
Excadrite;Excadrillita
Scolipite;Scolipedita
Scraftinite;Scraftita
Eelektrossite;Eelektrossita
Chandelurite;Chandelurita
Chesnaughtite;Chesnaughtita
Delphoxite;Delphoxita
Greninjite;Greninjanita
Pyroarite;Pyroarita
Floettite;Floettita
Malamarite;Malamarita
Barbaracite;Barbaraclita
Dragalgite;Dragalgita
Hawluchanite;Hawluchanita
Zygardite;Zygardita
Drampanite;Drampanita
Zeraorite;Zeraoranita
Falinksite;Falinksita
Key to Room 202;Llave habitación 202
Super Lumiose Galette;Supergalette Luminalia
Lab Key Card A;Llave laboratorio A
Lab Key Card B;Llave laboratorio B
Lab Key Card C;Llave laboratorio C
Lab Key Card M;Llave laboratorio M
Lab Key Card X;Llave laboratorio X
Pebble;Piedrecita
Cherished Ring;Anillo preciado
Autographed Plush;Amuleto de Naria firmado
Tasty Trash;Basura suculenta
Revitalizing Twig;Ramita revitalizante
Lida’s Things;Enseres de Bárbara
Lumiosian Butter;Mantequilla de Luminalia
Nice Butter;Supermantequilla
Great Butter;Hipermantequilla
Amazing Butter;Ultramantequilla
Supreme Butter;Mantequilla máxima
Hyperspace Butter;Mantequilla dimensional
Hoennian Salt;Sal gruesa de Hoenn
Épice Noire;Especia negra
Arboliva Oil;Aceite de Arboliva
Popping Candy;Caramelos chispeantes
Important Letter;Carta importante
Cherished Ring;Anillo preciado
Dirty Scarf;Pañuelo mugriento
Mega Shard;Megaesquirla
Colorful Screw;Tornillo colorido
Red Canari Plush;Amuleto de Naria rojo
Red Canari Plush;Amuleto de Naria rojo
Red Canari Plush;Amuleto de Naria rojo
Gold Canari Plush;Amuleto de Naria dorado
Gold Canari Plush;Amuleto de Naria dorado
Gold Canari Plush;Amuleto de Naria dorado
Pink Canari Plush;Amuleto de Naria rosa
Pink Canari Plush;Amuleto de Naria rosa
Pink Canari Plush;Amuleto de Naria rosa
Green Canari Plush;Amuleto de Naria verde
Green Canari Plush;Amuleto de Naria verde
Green Canari Plush;Amuleto de Naria verde
Blue Canari Plush;Amuleto de Naria azul
Blue Canari Plush;Amuleto de Naria azul
Blue Canari Plush;Amuleto de Naria azul
Raichunite X;Raichunita X
Raichunite Y;Raichunita Y
Chimechite;Chimechita
Absolite Z;Absolita Z
Staraptite;Staraptorita
Garchompite Z;Garchompita Z
Lucarionite Z;Lucarita Z
Golurkite;Golurkita
Meowsticite;Meowsticita
Crabominite;Crabominablita
Golisopite;Golisopodita
Magearnite;Magearnita
Scovillainite;Scovillainita
Baxcalibrite;Baxcaliburita
Tatsugirinite;Tatsugirita
Glimmoranite;Glimmoranita
Hyper Cheri Berry;Baya Zreza dimensional
Hyper Chesto Berry;Baya Atania dimensional
Hyper Pecha Berry;Baya Meloc dimensional
Hyper Rawst Berry;Baya Safre dimensional
Hyper Aspear Berry;Baya Perasi dimensional
Hyper Oran Berry;Baya Aranja dimensional
Hyper Persim Berry;Baya Caquic dimensional
Hyper Lum Berry;Baya Ziuela dimensional
Hyper Sitrus Berry;Baya Zidra dimensional
Hyper Pomeg Berry;Baya Grana dimensional
Hyper Kelpsy Berry;Baya Algama dimensional
Hyper Qualot Berry;Baya Ispero dimensional
Hyper Hondew Berry;Baya Meluce dimensional
Hyper Grepa Berry;Baya Uvav dimensional
Hyper Tamato Berry;Baya Tamate dimensional
Hyper Occa Berry;Baya Caoca dimensional
Hyper Passho Berry;Baya Pasio dimensional
Hyper Wacan Berry;Baya Gualot dimensional
Hyper Rindo Berry;Baya Tamar dimensional
Hyper Yache Berry;Baya Rimoya dimensional
Hyper Chople Berry;Baya Pomaro dimensional
Hyper Kebia Berry;Baya Kebia dimensional
Hyper Shuca Berry;Baya Acardo dimensional
Hyper Coba Berry;Baya Kouba dimensional
Hyper Payapa Berry;Baya Payapa dimensional
Hyper Tanga Berry;Baya Yecana dimensional
Hyper Charti Berry;Baya Alcho dimensional
Hyper Kasib Berry;Baya Drasi dimensional
Hyper Haban Berry;Baya Anjiro dimensional
Hyper Colbur Berry;Baya Dillo dimensional
Hyper Babiri Berry;Baya Baribá dimensional
Hyper Chilan Berry;Baya Chilan dimensional
Hyper Roseli Berry;Baya Hibis dimensional
Canari Bread;Pan de Naria